PassengerId,Pclass,Sex,Age,SibSp,Parch,Fare,Embarked,Survived
1,3,male,28.441577938052724,1,2,71.06,C,1
2,1,male,,1,0,49.77,C,0
3,3,male,37.44486708561217,0,3,6.39,Q,1
4,1,female,9.806622942318018,0,3,16.99,S,0
5,3,male,41.863059926872005,0,0,19.93,Q,1
6,1,male,26.521142896502944,0,0,91.98,Q,0
7,3,male,,0,3,92.66,S,1
8,3,female,,0,0,28.65,C,0
9,3,male,22.134833707323573,0,0,25.05,C,1
10,2,male,41.32226533167039,4,0,31.86,C,1
11,1,male,,0,3,19.67,S,0
12,3,male,26.124941347429385,0,0,5.37,C,1
13,3,female,37.781933752877784,0,2,33.5,S,0
14,3,male,43.6087626371386,1,0,91.68,C,1
15,1,female,49.11965286605848,0,2,10.9,S,0
16,3,male,,0,0,0.0,Q,0
17,2,male,8.033980124539784,0,3,38.14,S,1
18,3,male,32.01341230813797,0,0,76.91,C,1
19,1,female,33.4118425736101,1,0,41.12,C,0
20,3,male,,0,0,0.0,S,1
21,3,female,36.34130326292356,0,2,48.64,C,0
22,2,male,28.1064106953564,0,2,72.38,S,1
23,3,female,61.37321185285795,0,0,36.74,C,0
24,1,male,40.944075182409364,0,0,47.83,S,0
25,3,female,36.61483798251648,1,0,70.8,S,1
26,3,male,34.92920967273029,0,0,35.97,S,1
27,1,male,38.122578675676706,1,0,35.65,S,0
28,3,male,27.82016382491661,1,0,28.34,Q,0
29,1,male,,0,0,49.03,S,0
30,3,male,44.52598691627925,1,3,97.55,S,1
31,3,male,,0,0,0.0,S,1
32,3,female,35.70749394041404,0,2,90.75,S,1
33,2,male,54.03618822566767,0,1,51.15,S,0
34,1,male,52.49122152128861,2,0,6.48,C,1
35,2,female,37.94323127850928,0,0,0.0,C,0
36,3,male,24.1093615982492,2,3,38.05,S,0
37,1,female,14.023636968321451,2,1,110.3,Q,0
38,1,female,36.26228458743048,0,0,33.48,S,0
39,1,male,16.787254933036273,0,0,102.86,S,0
40,3,female,,4,0,102.77,C,0
41,3,male,16.83832013238672,1,0,27.78,S,1
42,3,male,25.60103500116268,0,0,1.53,S,1
43,2,female,27.764954875832338,0,0,25.1,Q,0
44,2,female,16.6702110925944,0,0,0.0,C,0
45,2,male,21.17478220723477,0,0,22.28,S,0
46,1,male,10.272267782848466,2,1,45.88,S,1
47,1,male,30.515030809499926,0,0,84.05,S,1
48,3,male,,1,1,93.8,C,1
49,1,female,25.534459289099246,2,0,48.92,S,0
50,3,male,58.06031257424852,1,0,30.48,S,0
51,3,female,19.29241586829925,1,1,53.68,S,0
52,2,male,27.51828217120551,0,0,73.29,C,0
53,3,male,15.35828147202792,0,0,70.58,S,1
54,3,female,,0,1,20.79,S,0
55,2,female,11.757662104857598,0,0,38.34,C,0
56,3,male,,1,0,78.99,S,1
57,1,male,,0,0,75.14,Q,0
58,2,female,,0,0,30.09,S,0
59,3,female,16.42371870607809,0,0,9.02,C,1
60,3,male,34.340142612712114,0,0,95.58,S,1
61,3,female,32.484652743095246,1,3,54.3,S,0
62,1,female,25.475439329506088,2,0,40.03,C,0
63,3,male,17.869978830381644,0,1,62.56,S,1
64,3,male,40.41600280491835,1,3,8.61,Q,0
65,3,male,9.145471186827688,2,1,69.15,C,0
66,1,male,,2,0,31.29,C,0
67,2,female,,3,0,27.0,S,0
68,3,female,20.10352594644361,0,0,22.34,S,0
69,3,male,15.537227156309745,0,1,43.9,Q,1
70,1,male,42.67800108218468,0,0,75.37,S,0
71,3,male,,0,0,63.51,C,1
72,2,female,,2,0,34.74,S,0
73,3,male,31.822512574425335,0,1,58.93,S,1
74,3,male,40.659375232930984,4,0,81.11,S,0
75,3,male,14.833288247468168,2,3,45.36,Q,1
76,3,female,39.0420447253008,1,0,43.38,C,1
77,1,male,20.343392878526167,1,1,36.16,S,0
78,3,female,15.440630423416252,0,0,18.78,S,0
79,3,male,36.05066018928391,1,0,72.22,C,0
80,3,female,,0,0,49.9,Q,0
81,1,female,39.420199889491805,4,1,16.33,Q,0
82,3,male,,1,0,0.0,S,1
83,2,male,16.700735027260166,1,0,0.0,S,0
84,3,male,25.12087451274021,0,0,74.36,S,1
85,3,male,35.0710295645437,1,1,76.27,C,1
86,3,male,27.724310538457814,1,0,35.53,C,1
87,3,male,60.8970108881405,0,1,46.78,S,0
88,3,male,49.9068550781807,1,0,0.0,S,0
89,3,female,25.93935189400711,3,0,102.28,S,0
90,2,male,,0,0,49.76,S,0
91,3,male,38.1398779033976,0,1,92.99,C,1
92,3,female,14.404357373811644,4,0,79.06,C,0
93,3,female,40.61104763516854,0,1,27.03,S,0
94,1,male,42.491481816081624,1,2,44.75,S,0
95,2,male,25.38495459923258,0,0,0.34,S,0
96,3,female,24.167005591938796,2,0,55.51,S,0
97,1,female,,0,0,78.01,S,0
98,1,female,22.411139578226546,0,0,34.78,Q,0
99,1,female,,0,0,23.75,S,0
100,2,male,35.26016901729548,0,0,33.48,S,0
101,3,male,50.31814879001642,1,1,43.93,S,1
102,3,male,39.473780254143406,1,0,36.05,S,0
103,3,female,15.563236662190466,3,0,1.8,Q,0
104,3,female,39.880515657668596,0,0,63.46,S,0
105,3,female,35.22634204880093,0,1,29.77,S,0
106,1,female,53.123839556098325,1,3,110.48,S,0
107,2,female,47.2970857286593,1,1,53.25,S,0
108,3,male,30.31983941023719,1,2,56.72,C,1
109,3,female,,3,0,79.1,S,0
110,3,male,10.01780970407252,3,0,62.84,S,1
111,2,male,15.693968761317068,0,0,52.06,S,0
112,3,male,23.09648514720905,0,0,15.41,C,1
113,3,male,19.548300678985676,0,1,13.31,C,1
114,3,male,30.907102456406967,2,0,29.65,C,0
115,1,female,34.53978620617345,0,1,62.49,C,1
116,3,male,,1,0,66.61,S,1
117,3,male,42.83392784169897,0,1,72.48,S,1
118,3,female,44.83327484609489,1,0,62.78,S,1
119,1,male,40.285398673850565,0,0,59.65,S,0
120,3,male,47.68476391589583,1,1,77.24,S,1
121,3,male,21.841008895984423,0,0,77.96,S,1
122,1,female,,0,1,73.19,S,0
123,3,male,26.569964390239825,1,1,63.44,S,1
124,3,male,19.03845582016809,1,0,81.64,C,0
125,2,female,7.300855253672115,4,1,25.56,S,0
126,1,female,,1,0,29.22,Q,1
127,3,male,23.71217281116728,0,1,59.69,C,1
128,2,male,25.695542338631405,0,0,0.0,C,0
129,3,male,21.516258385573664,0,1,20.57,C,1
130,2,female,,0,0,53.73,C,0
131,1,male,,1,0,76.74,S,0
132,3,female,31.872675124345477,0,0,39.11,S,0
133,3,male,,0,0,19.81,S,1
134,3,female,52.97339033077096,1,0,80.44,S,0
135,2,male,,0,2,81.22,Q,0
136,3,female,,1,1,66.82,S,0
137,3,male,30.660496650173833,3,0,0.0,S,0
138,3,male,33.06933157367325,0,0,59.17,C,1
139,2,male,,2,2,69.82,S,0
140,3,male,37.73462086862703,2,1,0.0,Q,0
141,1,male,53.8661336423248,1,0,88.9,C,1
142,2,male,21.852181045280542,0,0,47.49,Q,0
143,3,male,35.71088473678114,0,1,55.38,S,0
144,3,male,23.290054607831298,4,1,41.77,S,0
145,3,male,12.281881073301161,1,1,87.17,S,1
146,3,male,18.238161879014868,0,0,63.16,S,1
147,1,male,,1,1,76.97,S,1
148,2,female,,2,1,71.4,S,0
149,2,male,25.39795035346758,0,1,30.23,S,0
150,2,female,3.9205866443973463,3,3,61.02,S,0
151,2,male,55.21982885459491,0,0,38.37,S,0
152,3,male,45.48616285707927,1,0,1.75,S,1
153,2,female,32.68034252756179,0,0,82.35,S,0
154,3,male,61.852480945173866,1,1,62.22,C,1
155,3,female,44.082028232746424,0,0,85.92,Q,0
156,3,female,23.30584227466307,0,0,47.47,S,0
157,3,male,,0,0,27.3,C,1
158,3,male,,4,0,72.19,S,0
159,3,male,17.813560549251775,4,0,71.48,C,0
160,2,female,13.341631154614284,0,0,12.81,S,0
161,1,female,8.944555964477303,2,0,60.2,S,0
162,2,male,31.278856995104753,0,3,58.34,S,1
163,3,male,14.81115351605592,0,0,90.9,S,0
164,3,female,1.4122155276069357,0,2,102.89,S,0
165,3,male,9.183121605820233,0,0,16.53,S,1
166,3,male,,2,0,24.05,S,1
167,3,female,47.768447711438895,2,1,69.41,S,0
168,3,female,35.09898115521567,0,0,52.43,S,0
169,3,female,13.51790433562336,0,0,86.67,S,1
170,1,female,16.149872838059583,0,0,50.18,S,0
171,2,female,22.849428835085504,0,2,50.85,S,1
172,3,female,,0,2,75.11,S,0
173,3,male,,0,0,15.57,S,1
174,3,male,35.86626893479479,0,0,14.14,S,0
175,3,female,32.43684685178244,1,0,39.48,S,0
176,3,female,24.335209021538503,0,2,35.37,C,1
177,1,male,20.297932305139977,3,2,92.33,S,1
178,3,male,38.3993737710241,0,0,68.04,S,1
179,3,female,8.74440985951987,2,0,14.61,C,0
180,3,female,31.545748387123325,0,0,19.03,Q,0
181,3,female,,0,0,26.87,S,0
182,3,male,25.499451210276188,4,0,2.13,S,0
183,2,male,,0,0,72.51,S,1
184,3,male,21.40494553178202,1,0,84.82,S,1
185,2,male,45.63945787605738,0,0,37.99,C,0
186,3,female,12.92939513614175,0,2,56.84,S,0
187,2,male,21.67163146458676,0,0,41.56,S,1
188,3,female,57.92661920133243,1,0,105.36,S,0
189,1,male,,0,0,50.0,S,0
190,3,male,23.67939398319175,1,0,38.35,Q,0
191,3,female,22.07511735785075,1,3,102.5,S,0
192,3,female,45.66128478654463,1,1,55.67,S,0
193,3,male,16.58626076394967,0,1,19.76,C,0
194,1,male,26.874292163529006,0,1,65.83,S,0
195,3,male,36.17167504897459,1,0,65.6,Q,1
196,3,male,15.330729178632657,1,1,90.9,S,1
197,1,male,35.91466652661586,0,0,129.59,S,1
198,2,female,,1,0,26.99,S,0
199,3,female,27.1007551543552,0,0,73.91,Q,0
200,1,male,,1,0,31.08,C,0
201,3,male,43.6786944376005,0,1,60.03,C,1
202,3,male,56.377968320264145,0,3,25.55,Q,0
203,3,male,14.517252300367456,3,2,33.32,C,0
204,1,female,44.07914749018431,3,3,49.46,S,0
205,1,male,61.219979567290935,4,0,103.46,S,0
206,3,male,,0,0,63.73,C,1
207,3,male,30.39784496129714,2,1,31.38,S,1
208,3,male,37.85450284274159,0,0,70.51,S,0
209,2,female,50.33556301890104,0,0,53.14,Q,0
210,3,female,,3,0,25.2,S,0
211,1,male,29.72815438573351,0,0,9.07,S,0
212,1,male,,0,1,0.0,C,0
213,1,male,,0,0,48.65,C,1
214,3,male,4.592006391047612,0,0,46.45,C,1
215,3,female,9.536847408910809,1,0,83.6,Q,1
216,3,female,,0,1,79.37,S,0
217,3,male,43.73246255737061,3,0,48.68,S,0
218,3,female,24.940088610646786,0,1,65.37,C,1
219,1,male,21.882753002185673,2,0,16.64,Q,1
220,3,female,49.34970486393923,1,2,85.57,C,0
221,1,male,,1,0,23.04,C,1
222,3,male,18.434120494161935,1,0,49.39,S,1
223,2,male,42.78459593262524,0,0,84.53,S,0
224,3,male,15.304139465696515,3,1,65.5,S,1
225,2,male,13.259139193682284,2,0,85.22,S,0
226,3,male,,0,0,42.3,S,0
227,3,male,28.552773347483207,1,0,30.75,S,1
228,3,female,15.084839484940499,0,3,37.61,C,0
229,3,male,45.98513925742198,1,0,49.91,S,1
230,3,male,17.084636944760447,0,0,44.06,C,0
231,3,female,41.56894089279774,1,0,35.2,C,0
232,3,male,23.0045576272479,0,1,58.54,S,1
233,3,male,45.86550601468822,0,0,0.0,S,1
234,3,male,45.167591482666026,0,0,31.3,S,0
235,3,female,7.056928840927068,1,0,80.17,S,0
236,3,female,18.035752993556244,0,0,26.96,C,0
237,2,female,55.49462341882021,2,2,55.91,C,0
238,1,male,4.626921246788918,0,0,40.88,S,1
239,3,male,19.060074127098712,2,1,0.0,C,1
240,3,male,38.569461431043365,0,1,51.09,S,0
241,1,male,39.30637254389241,2,0,55.46,C,1
242,3,female,26.663135215544436,0,3,46.98,S,0
243,3,male,37.38095674797424,2,0,58.3,S,1
244,3,male,52.41057465653727,4,0,46.52,S,0
245,2,female,43.51229034875755,0,0,41.56,S,0
246,2,female,10.781974303098451,0,0,68.8,S,0
247,1,male,25.267107137469274,0,0,8.7,C,1
248,2,male,36.0696086282793,1,0,64.3,C,1
249,1,male,23.77447891681559,0,0,76.42,S,0
250,3,male,,0,0,75.7,C,1
251,2,male,39.44006021922533,1,0,60.62,C,1
252,2,female,20.378281031003766,0,0,86.3,S,0
253,3,male,15.41051781424865,0,3,115.72,S,1
254,3,male,20.731111915033466,2,0,39.74,C,1
255,3,male,22.63869504469075,0,1,15.52,S,1
256,3,female,34.06370624660041,1,0,20.48,S,0
257,3,male,45.965290183729024,0,2,48.0,S,1
258,3,male,43.759716015662235,0,1,27.28,S,1
259,3,male,50.94957975427906,1,3,45.36,S,1
260,2,male,11.674723967911525,0,0,45.34,S,1
261,3,male,36.50115093552975,4,0,52.17,S,1
262,2,male,34.30457385808598,0,1,83.2,Q,1
263,3,male,41.80656363204417,0,3,14.8,C,1
264,1,male,39.82426440136038,0,0,44.38,S,1
265,3,male,18.373884075007574,0,1,33.7,S,1
266,1,female,34.79787835046871,0,2,74.58,S,0
267,3,male,18.94011739634213,1,1,35.58,S,1
268,3,male,34.671371326894224,0,1,61.2,S,1
269,1,male,37.81281074919784,1,3,89.2,S,0
270,1,male,25.570950657243085,0,0,53.02,S,0
271,3,male,24.21131656199028,0,0,21.48,C,1
272,2,male,21.739287690245924,1,1,45.74,S,1
273,1,female,35.94783216216187,0,1,24.3,S,0
274,1,female,30.09950330724782,0,0,24.78,S,0
275,3,female,32.092720569394366,0,1,104.55,S,1
276,1,male,31.30890416398727,0,0,60.11,Q,0
277,2,male,55.57172767832742,0,3,0.0,S,0
278,3,female,49.61401534908785,1,1,93.04,S,0
279,3,male,28.301111765137907,1,2,80.81,C,1
280,2,female,6.667999219360247,0,1,103.87,S,0
281,3,female,26.815702300530614,0,0,58.44,C,0
282,3,male,14.033683478611957,0,1,31.77,C,1
283,3,male,49.64078204427875,0,3,91.69,C,0
284,1,male,47.604861349826976,1,0,108.61,S,0
285,1,male,22.58143499113553,1,1,93.72,C,1
286,1,male,29.18552741888147,2,3,46.29,S,1
287,1,male,29.215255633261336,2,0,36.16,S,0
288,1,female,,1,0,78.84,S,0
289,1,male,,0,1,0.0,S,1
290,3,male,,1,0,68.6,S,0
291,3,female,23.543209528230378,0,1,28.67,Q,1
292,3,female,23.155790638600735,1,0,50.47,S,0
293,3,male,41.63956053961398,1,1,20.16,S,0
294,1,male,,1,0,58.53,S,0
295,2,female,45.08617499654923,0,0,68.42,S,0
296,3,male,14.64146440543592,1,0,76.97,S,1
297,3,male,42.80811712835669,1,0,66.52,S,0
298,1,female,27.487172125248254,0,1,32.88,S,0
299,1,female,26.565189931680663,0,1,112.14,Q,1
300,3,male,43.65565619829668,0,0,65.39,S,1
301,1,male,28.28401192967252,0,2,28.71,C,1
302,2,male,55.09071953073632,3,1,25.18,S,0
303,2,female,29.24919091438769,0,2,61.97,C,0
304,3,female,44.21496726691051,2,0,64.08,S,1
305,1,male,23.504701365744964,1,0,89.51,S,1
306,3,female,30.04848364140457,0,0,53.39,S,0
307,3,male,15.026020237687352,0,0,1.28,C,1
308,1,female,28.523719959826458,2,0,37.13,S,0
309,3,male,36.183773997839566,0,0,59.08,S,0
310,1,male,20.010584395395124,1,0,99.46,Q,1
311,1,female,,0,0,41.15,S,0
312,1,male,,1,1,65.1,S,1
313,3,male,38.88575801601067,0,1,62.29,Q,0
314,1,male,7.793493731458607,0,1,64.74,C,1
315,3,female,47.7689024148271,1,0,90.91,S,0
316,3,male,57.76316043912543,0,2,75.51,S,1
317,1,male,39.01129998351092,0,0,84.1,S,1
318,1,male,,1,0,111.11,Q,1
319,3,male,,2,0,66.02,S,0
320,3,female,32.630541127595286,0,2,22.27,S,0
321,1,male,35.75858881484807,0,3,112.59,S,0
322,3,female,46.555824896131725,2,2,75.82,C,0
323,1,female,33.84517738266072,2,0,23.15,S,0
324,3,female,51.4009029434615,1,0,58.21,C,0
325,3,male,,0,0,82.47,S,1
326,3,male,45.17624283377752,2,0,84.85,C,0
327,3,female,45.83667134554982,0,2,1.05,S,1
328,2,male,48.732295899363535,4,0,111.11,C,0
329,3,female,32.2921607412304,0,0,29.25,S,1
330,3,female,43.23806394151891,4,0,40.53,S,0
331,3,male,,1,0,21.79,S,1
332,3,male,24.903546632309183,0,0,8.58,C,1
333,2,male,43.82568312565312,4,2,50.24,S,0
334,3,male,2.263634486947467,1,0,57.7,C,1
335,2,male,,0,1,46.48,S,0
336,1,male,,3,0,27.44,S,1
337,1,male,37.96839068021045,1,0,93.11,Q,1
338,1,male,34.32589398830634,0,0,35.36,S,0
339,1,male,,2,0,71.9,S,0
340,3,male,21.390139943386227,0,0,44.75,Q,1
341,1,male,51.654773113676605,0,0,68.93,S,0
342,3,male,43.96570667977853,0,2,3.36,S,0
343,3,male,48.15319318715284,3,1,22.76,S,0
344,1,female,48.80745052241426,2,0,126.56,S,0
345,2,female,11.500018271908669,3,2,9.23,C,0
346,2,male,27.460042763465285,1,0,82.76,S,1
347,2,male,9.914499962502084,3,0,23.46,C,1
348,3,male,18.341569636996216,1,0,65.66,Q,1
349,3,female,58.52116263532548,0,1,65.19,S,0
350,1,female,26.284101735857266,1,0,73.0,S,0
351,3,male,35.08719294744524,1,0,28.88,C,0
352,3,female,47.440331423626105,0,0,8.77,S,0
353,3,female,39.01086840619642,2,0,53.55,S,0
354,3,male,37.39969492144832,0,0,18.14,S,1
355,1,female,,2,1,35.55,S,0
356,2,male,0.5,1,1,15.94,Q,1
357,1,female,30.206250436710416,1,0,46.01,C,0
358,3,male,49.65726839433549,0,0,41.15,Q,1
359,3,female,24.806919307954285,1,1,58.39,S,0
360,3,male,33.95648621790983,1,2,56.85,Q,0
361,3,male,44.022959143483575,2,1,91.32,S,0
362,3,female,2.888606236232757,0,0,0.0,C,0
363,3,male,28.542324728961773,1,2,28.95,S,1
364,3,female,,0,0,36.72,S,0
365,1,female,26.896844888911534,1,0,61.14,S,0
366,2,male,39.37725957689477,1,2,22.78,C,0
367,3,female,,2,0,67.09,C,0
368,3,female,18.220665673691975,1,0,56.89,S,1
369,3,male,,1,0,100.22,S,1
370,3,male,0.5,0,0,94.37,S,1
371,2,female,37.67451827430821,0,1,91.98,Q,0
372,2,male,42.99453712660168,0,1,98.48,S,1
373,3,female,13.41875593210424,0,2,103.92,S,1
374,1,female,45.4721101655732,0,0,85.85,S,1
375,3,male,25.68617111730837,1,1,47.95,C,1
376,2,male,,1,0,40.04,Q,0
377,3,male,24.00971568440084,0,1,39.96,C,1
378,1,male,33.3961563578998,0,1,72.28,Q,1
379,3,male,,1,2,39.04,S,1
380,1,male,,0,0,46.46,S,1
381,3,male,31.809802300243252,2,0,57.58,S,1
382,3,male,,0,0,14.52,S,0
383,1,female,35.80063246760838,0,0,77.7,S,0
384,3,female,,3,0,80.2,S,0
385,3,female,35.727819096986295,0,1,76.63,S,0
386,1,female,,0,0,70.12,S,0
387,3,male,0.5,0,0,17.1,S,1
388,3,male,18.099150164487604,2,0,87.15,S,1
389,3,male,45.921064845998174,0,0,2.32,C,0
390,1,male,21.162180595916457,0,1,26.11,S,0
391,2,male,,0,0,50.72,C,1
392,3,male,24.38867506377943,1,3,83.67,S,1
393,1,male,11.904949515949202,1,1,34.61,C,0
394,1,male,47.39912612624093,0,1,0.0,C,1
395,1,female,28.81632397822974,0,2,35.96,S,0
396,3,female,41.28934930252944,2,0,69.45,S,0
397,3,female,40.91067902074407,0,2,76.4,S,0
398,3,female,38.12759929988406,0,0,85.38,S,0
399,3,male,60.89545611234391,0,3,41.43,S,1
400,1,male,22.81464311224278,1,2,2.6,S,0
401,3,male,21.75427467621757,1,3,32.51,S,0
402,3,female,26.9544545973392,0,0,63.35,S,0
403,3,female,23.92484412719258,0,0,106.69,C,0
404,1,female,36.108112777116986,2,1,70.9,Q,0
405,1,female,52.53403719585124,2,1,86.25,S,0
406,3,female,25.15230547769054,0,3,93.1,S,0
407,3,male,29.835765581100567,2,1,91.76,S,0
408,3,female,11.770912841484193,4,0,38.22,C,0
409,1,male,16.427193746865324,1,0,47.46,S,1
410,2,female,34.55440927972977,0,2,64.32,S,0
411,3,male,14.604412431140869,0,0,90.87,C,1
412,2,male,38.29293031684322,0,0,61.58,C,0
413,3,female,,1,0,0.0,S,0
414,3,female,24.934804672872573,3,0,25.94,S,0
415,3,female,12.165705306044647,0,2,88.24,C,0
416,3,male,,0,1,39.89,S,0
417,2,male,8.803406988825074,1,0,39.02,S,0
418,1,male,,1,0,61.18,S,1
419,2,male,,1,0,26.67,S,0
420,3,male,28.349123479701152,0,1,38.9,Q,1
421,3,male,13.72595723183612,0,0,77.01,S,1
422,3,female,43.00173663272196,1,1,85.49,S,0
423,3,male,31.00511357882535,0,2,52.11,Q,1
424,3,male,12.788410930158719,0,0,72.55,S,1
425,1,female,46.379515473972006,4,0,3.1,S,0
426,1,male,27.528051174613967,0,1,15.74,C,0
427,3,male,11.545511743483502,1,0,62.67,S,1
428,2,male,30.23808427318913,0,1,71.22,C,0
429,3,male,22.45343761095435,0,0,69.87,S,0
430,1,male,,0,0,112.35,S,1
431,3,male,4.280993247809938,0,3,15.01,S,1
432,2,male,33.15648185434766,0,0,1.7,S,0
433,3,female,,0,0,11.19,C,0
434,3,female,28.57812131893315,0,0,15.65,C,0
435,1,male,41.089481339747586,0,0,34.44,S,1
436,3,male,42.74891653766197,0,0,0.04,S,1
437,3,female,16.470238057518866,0,0,46.95,S,0
438,3,male,,0,0,49.81,C,1
439,2,female,37.457322203606694,1,0,64.69,S,0
440,1,female,34.11663348108797,0,0,51.25,C,0
441,1,male,45.015326469832246,1,0,118.42,S,0
442,2,male,0.5,0,1,79.56,S,1
443,3,male,24.099240062737408,0,0,30.17,S,1
444,2,male,38.18226161035012,0,0,106.8,C,1
445,3,male,,0,0,15.31,S,0
446,3,female,19.93461202223353,0,0,20.61,C,0
447,3,male,10.485728712258481,1,0,23.81,C,1
448,1,female,24.055441080124027,0,1,110.05,S,0
449,1,male,17.943034798604906,0,0,12.22,S,1
450,3,male,22.532015145646643,1,0,68.0,S,1
451,2,male,29.715634309335638,1,1,75.67,S,0
452,3,male,27.395470526535888,0,0,33.07,S,1
453,3,male,,0,2,49.32,S,1
454,1,male,43.40276573916586,1,0,56.94,S,0
455,3,female,20.426585567199243,1,1,25.11,Q,1
456,3,male,,0,0,68.16,C,0
457,3,male,15.296771894713794,1,0,74.39,C,1
458,3,female,9.194456977366471,1,0,112.93,S,0
459,2,male,34.25754488537152,3,1,57.21,S,0
460,3,male,17.490600611248524,1,1,0.0,S,1
461,3,male,,1,3,52.55,S,1
462,2,female,28.053438392304617,0,0,49.57,S,0
463,1,female,17.064682603518214,0,2,54.11,S,0
464,3,male,27.40103985707114,0,0,0.0,S,1
465,1,female,20.714332020297576,1,0,10.45,C,0
466,3,male,59.72387470908929,0,3,44.13,S,1
467,1,male,53.651156912849366,0,0,67.94,S,0
468,1,female,25.03408344360105,0,0,18.44,S,0
469,3,male,20.175027180277173,1,0,43.37,S,1
470,3,male,,0,0,30.74,C,1
471,2,male,,4,0,62.14,S,1
472,3,female,39.87536402136871,1,0,20.64,S,0
473,2,female,53.865477768756804,1,0,70.26,Q,0
474,3,female,,2,3,56.0,C,0
475,3,male,32.482210671180056,0,1,22.41,S,1
476,2,male,35.203379136603125,0,0,64.35,S,0
477,1,male,31.66753341021286,0,0,75.95,Q,1
478,3,male,0.5,0,0,9.56,S,1
479,3,female,,0,2,58.74,S,1
480,2,female,,1,2,61.69,Q,0
481,2,male,,1,2,92.08,Q,0
482,3,male,27.86798591834949,1,0,82.22,S,1
483,3,male,10.217525689587745,0,0,43.71,S,1
484,2,male,29.937157179081268,2,0,50.38,S,1
485,3,female,28.12322851717967,0,0,50.58,C,0
486,2,male,23.402970219931003,0,0,61.0,Q,1
487,1,female,51.45656496683084,0,1,20.8,S,0
488,3,male,25.093247462434412,0,0,91.39,C,1
489,1,male,32.547563434420354,1,1,62.82,C,1
490,3,male,20.530559690851092,0,1,99.8,Q,1
491,3,male,30.86471187038937,0,1,38.6,S,0
492,1,female,30.156770715583807,1,0,101.53,S,0
493,3,female,9.13177959496494,0,0,57.71,C,0
494,3,male,23.993208571384706,2,0,34.73,C,1
495,2,male,28.84612011756394,0,0,64.94,S,1
496,3,male,,1,2,59.37,S,1
497,1,male,,0,3,0.0,S,0
498,3,male,37.507413918150604,0,2,92.95,S,1
499,2,female,33.32436052025339,1,0,67.92,S,0
500,3,male,36.58708004554272,0,0,70.78,S,1
501,1,male,45.06224295706552,1,1,9.36,S,0
502,3,male,11.708074065401874,1,0,36.86,S,1
503,3,male,36.58848806249192,0,0,35.61,S,1
504,3,female,29.50110446335589,0,2,78.64,C,0
505,3,male,31.561196150044637,3,0,39.92,S,0
506,3,male,35.17540727477161,3,3,52.9,C,0
507,3,male,19.5541396593267,0,1,46.28,S,1
508,3,male,9.98081466902919,0,0,61.38,S,1
509,1,female,17.778804230384623,4,0,59.8,S,0
510,2,female,16.003352055625147,1,2,25.69,Q,0
511,2,male,24.075844002831765,0,3,0.0,Q,1
512,1,female,55.76721989075169,0,0,57.58,S,0
513,1,male,25.291425045680615,1,0,62.9,S,1
514,2,female,27.78410885477208,0,1,2.13,S,0
515,3,male,22.938054501801346,0,0,96.19,S,1
516,3,male,49.068691454399826,1,0,5.28,C,0
517,2,male,,0,0,59.57,C,0
518,2,male,16.2812262983879,0,0,29.99,C,1
519,3,male,25.24136358542559,1,0,57.49,C,1
520,3,female,36.43521452728651,0,0,89.15,S,0
521,3,male,23.06260481455871,0,0,22.24,C,1
522,3,male,,0,1,48.0,C,1
523,3,female,33.56777457158336,3,2,56.52,S,1
524,3,male,27.143263378101274,0,0,51.99,S,1
525,3,female,,1,1,86.06,C,1
526,2,female,26.588989438203853,0,0,43.31,Q,0
527,3,female,57.94115444380992,0,0,57.21,S,0
528,2,female,21.183314902733464,0,2,46.2,C,0
529,3,male,23.585393974026914,0,0,60.89,C,0
530,3,female,9.768673303255877,2,0,6.21,S,0
531,1,female,26.687009005714323,4,0,39.28,S,0
532,1,male,60.179846509610975,0,0,37.89,C,0
533,3,female,22.073681703891992,0,3,93.7,S,1
534,3,female,22.64518646818171,0,0,84.91,S,0
535,3,female,17.640679962098254,3,2,65.88,S,0
536,3,male,39.46180761534327,0,0,96.65,C,1
537,3,male,23.96295102678771,1,1,18.41,S,0
538,3,male,31.25068770355876,0,0,57.2,S,1
539,3,female,59.312873088615696,2,0,77.72,Q,0
540,1,male,52.04336157380361,0,0,62.71,S,0
541,3,female,33.90319098556367,2,0,14.59,S,0
542,2,female,14.227473727870846,0,0,37.18,S,0
543,3,male,,0,0,69.36,S,1
544,3,male,35.924981485834486,0,0,0.0,S,1
545,3,female,34.58597529294416,1,2,81.54,S,0
546,1,male,17.371519328029734,0,1,58.91,S,0
547,2,male,33.53570098320169,1,0,0.0,S,1
548,3,male,21.249456682590548,1,0,97.78,C,1
549,3,male,3.3912382645933157,0,2,65.16,C,1
550,3,male,46.64428168302609,0,0,69.43,S,0
551,1,male,27.813297639076183,1,1,43.26,Q,0
552,1,male,39.10925710140403,1,0,90.32,S,1
553,3,male,35.62534169355732,0,0,44.46,C,1
554,3,male,44.30637141031311,0,0,84.57,S,1
555,1,female,1.5152328080500546,1,2,0.0,S,0
556,3,male,0.5,0,0,34.48,S,1
557,3,male,13.008038635827788,0,0,20.11,S,1
558,3,female,44.47472779626404,1,0,49.8,C,0
559,2,female,24.090419923366618,0,1,83.34,Q,0
560,3,male,35.64949575378209,1,2,73.99,S,1
561,3,male,43.52827614260609,1,0,26.64,S,0
562,2,female,23.06052401103029,1,1,84.07,S,0
563,3,male,69.37903410676228,2,0,66.74,S,0
564,3,female,,0,0,24.95,C,0
565,3,male,27.794636193323278,1,2,63.85,S,1
566,3,male,41.6501898027773,0,1,113.3,C,0
567,3,female,26.680226879596745,0,1,35.66,S,1
568,3,female,25.042407047790853,0,0,42.85,S,0
569,3,male,,0,0,33.45,S,1
570,1,male,49.46381318368462,0,0,54.01,Q,1
571,3,male,30.174983168613913,0,0,61.53,C,1
572,3,male,,1,0,60.49,S,1
573,3,male,39.094327659637614,0,3,6.8,S,1
574,1,female,43.77409757504066,1,1,33.7,S,0
575,1,female,7.051386071499184,1,1,5.57,S,0
576,3,male,17.12783938912648,0,1,54.31,S,1
577,1,female,33.600329032613686,1,0,24.5,S,0
578,3,male,43.59221489425106,2,0,45.18,S,1
579,3,male,,3,0,94.06,S,0
580,3,male,33.811020178916806,0,0,33.2,S,0
581,2,male,26.737252439594005,2,2,38.96,S,1
582,1,male,16.348039767195218,0,1,44.18,Q,1
583,3,male,44.01589202895315,0,0,38.83,C,0
584,2,male,26.316515697789285,0,1,77.7,S,1
585,3,female,32.01788855162394,0,0,96.5,S,0
586,3,male,35.220914978825306,2,0,77.36,S,0
587,1,male,52.271480539292455,0,3,54.73,C,0
588,2,male,34.6173242801722,0,0,10.36,S,0
589,2,male,15.439982718049865,0,0,25.93,S,1
590,2,female,,0,1,30.54,C,0
591,3,female,,2,0,17.0,S,0
592,3,male,13.283930864458654,0,0,10.04,S,1
593,3,male,28.514111278995134,1,0,18.8,C,0
594,3,female,25.40936392075776,0,0,45.84,S,0
595,3,male,44.4335524682177,0,0,67.64,Q,0
596,1,male,,0,1,85.74,Q,0
597,3,female,,0,2,29.04,C,0
598,3,female,31.140924228243946,0,1,82.22,Q,0
599,3,male,36.98901494136166,1,1,76.3,S,1
600,3,male,,3,0,97.94,S,0
601,3,male,47.335602427203156,0,2,28.88,S,1
602,2,male,22.11334580593055,1,1,25.35,S,1
603,2,female,37.51633928953045,2,0,84.18,C,0
604,2,male,,0,2,69.22,S,0
605,3,male,28.15694436190828,0,1,35.36,S,1
606,3,female,26.4164309115108,3,0,28.39,S,0
607,2,female,,0,1,23.69,S,0
608,1,female,28.61159487986266,3,0,82.2,C,0
609,1,female,33.966964343665474,1,0,92.23,C,0
610,2,male,36.32659399520294,3,1,39.69,Q,0
611,3,male,0.5,0,1,43.13,S,1
612,3,male,54.777486965713514,1,2,34.27,S,0
613,2,male,35.90072498989065,4,0,46.65,S,0
614,3,male,,1,2,57.23,S,1
615,1,male,,1,0,33.6,S,1
616,3,male,4.058226538386972,4,0,37.96,C,0
617,1,male,37.293507791438415,1,2,8.33,C,0
618,3,male,42.8408656639122,3,0,83.95,S,1
619,1,male,21.23130552560278,0,0,99.88,S,1
620,3,female,34.64999952517294,2,3,103.28,S,0
621,3,male,47.323305059711686,1,0,93.37,Q,1
622,1,male,24.11488232637926,3,0,14.06,C,0
623,3,female,,0,0,53.4,S,0
624,2,female,33.037261075305956,1,0,4.4,S,0
625,3,male,37.01725380556513,1,1,81.96,Q,1
626,1,male,23.833690262360935,1,0,47.46,C,0
627,3,male,38.652761763948526,4,0,100.23,C,0
628,1,male,26.732302380120345,2,1,81.27,C,0
629,3,male,,2,1,16.29,S,1
630,1,female,18.86340408067807,0,1,96.34,S,0
631,1,male,,3,0,56.17,S,1
632,3,male,,1,0,46.92,C,0
633,3,male,13.80371977656301,1,0,102.06,S,1
634,3,female,53.634199339194446,4,0,80.59,S,0
635,3,female,30.26205229150974,2,0,76.71,C,0
636,1,female,45.293435482739255,0,0,58.43,S,0
637,3,male,,1,2,88.29,C,1
638,3,male,18.15741216062656,2,1,53.24,C,1
639,3,female,9.515924508660618,0,0,79.69,S,1
640,3,male,44.43883775992828,3,0,56.45,S,0
641,1,female,29.579991955056965,1,2,39.97,C,0
642,3,male,,1,0,84.22,S,1
643,1,male,47.11196375312782,0,1,35.25,C,0
644,2,female,29.140158173055703,0,0,60.7,C,0
645,3,male,24.88215837464579,3,1,90.32,S,1
646,3,male,56.19539689766535,4,0,80.94,Q,0
647,3,female,10.496875028151933,4,0,44.54,C,0
648,2,male,28.69795104809031,0,2,60.45,S,1
649,2,male,21.336489281141777,2,0,85.71,Q,1
650,3,male,28.987654579883433,1,0,84.45,S,1
651,1,female,27.27338126533435,2,1,26.12,S,0
652,1,male,27.040479310456902,0,0,64.25,C,1
653,2,male,21.919989045876694,3,0,45.57,S,1
654,3,male,52.92177157580013,0,1,51.33,S,1
655,3,female,22.935166015576925,3,0,42.44,S,0
656,3,male,18.595314465502344,2,0,41.9,C,1
657,3,male,35.71069319589506,0,0,119.2,S,1
658,1,male,34.18692324167628,3,2,74.65,S,1
659,3,male,22.008278707369318,4,2,67.6,C,0
660,2,female,33.82397221797478,4,0,26.64,S,0
661,3,male,34.16401513438177,4,0,82.85,S,0
662,1,male,42.44126651947043,1,1,34.1,C,1
663,2,male,55.27579088049882,0,0,64.72,S,1
664,1,male,55.536028609611975,1,2,34.48,S,0
665,3,male,38.25475229038217,0,1,66.48,S,1
666,3,male,,0,0,56.93,S,1
667,1,male,,0,0,38.79,S,1
668,2,male,45.48662282681563,0,0,35.96,S,0
669,3,female,25.291636274224793,1,0,26.7,S,0
670,1,male,18.740313275370404,3,0,74.74,C,1
671,1,female,10.012364411156199,0,0,12.98,S,1
672,3,male,43.3036490229776,0,0,0.0,S,0
673,3,female,,2,0,89.52,S,0
674,1,male,33.872257008638314,1,0,58.86,S,0
675,1,male,,0,0,15.3,C,0
676,3,female,38.32209344893747,0,0,40.21,C,0
677,3,female,25.222960593664464,1,0,64.5,S,1
678,3,male,31.879581590817057,3,0,69.14,S,1
679,1,male,26.49114087424872,0,3,22.34,C,1
680,2,male,30.96300753881038,0,0,64.54,C,0
681,3,male,,0,0,56.75,Q,0
682,2,male,,0,1,107.09,S,0
683,1,female,23.409049822904294,1,0,50.74,C,0
684,3,male,,4,0,12.54,S,0
685,1,female,28.24444606762051,1,0,26.05,S,0
686,2,male,18.637706301395973,0,1,31.56,C,1
687,3,male,,0,1,60.29,S,1
688,3,male,,1,1,40.64,S,1
689,3,male,29.059249442033718,0,3,77.45,C,1
690,3,male,24.631629036439147,0,0,76.79,S,1
691,3,male,44.737885399259426,0,1,85.59,S,1
692,3,male,40.14695359615669,0,3,21.73,S,1
693,3,male,34.18780139231253,0,1,51.6,C,0
694,2,male,22.590019199824646,1,0,73.32,S,0
695,3,male,,0,0,75.62,S,1
696,3,male,23.79041557710275,0,0,12.33,S,0
697,1,female,21.489117668061493,0,0,80.41,S,0
698,3,female,36.203543912399944,0,0,0.0,S,0
699,1,female,,0,0,81.59,S,0
700,1,female,23.11713084172854,0,0,29.28,C,0
701,3,male,,1,2,31.13,S,1
702,3,female,0.5,1,1,64.4,S,0
703,3,male,,1,0,62.78,S,1
704,3,male,34.15351844968922,1,0,79.63,S,1
705,1,male,30.727403707525916,1,0,106.2,S,1
706,1,male,28.668105663573968,0,2,104.05,S,1
707,1,female,46.4132493049683,3,0,70.48,S,0
708,1,female,,1,2,33.7,S,0
709,3,female,29.66951099056327,0,1,112.34,Q,0
710,2,female,,0,3,81.33,S,0
711,3,male,5.9164790245878045,0,1,101.8,S,1
712,3,male,,4,0,0.0,S,0
713,3,female,32.5018281233475,0,3,28.45,S,0
714,1,female,38.69127434222433,0,3,26.8,Q,0
715,3,male,37.24972917598046,1,2,111.12,S,1
716,1,female,44.76238372552188,0,1,0.0,S,0
717,3,female,24.708970297955403,1,1,16.21,S,0
718,1,male,17.56616263336318,0,0,17.13,S,1
719,1,male,0.5,1,1,41.86,S,0
720,2,male,28.987733754384468,2,1,26.78,C,0
721,1,female,57.34480984108097,3,2,28.8,S,0
722,3,female,,0,0,94.19,Q,1
723,2,female,46.50345209624598,3,0,82.12,S,0
724,3,male,45.80695215560149,0,0,10.06,S,1
725,3,male,23.562657100912574,0,0,21.98,Q,1
726,3,male,,0,0,19.58,S,1
727,3,female,,0,0,27.0,C,0
728,3,female,48.50669350933018,0,0,41.71,S,0
729,2,male,47.56868006009556,0,0,42.34,S,0
730,1,male,,0,0,46.85,S,0
731,3,female,24.113587092822726,1,0,110.1,Q,0
732,2,female,30.688115459878404,1,1,32.88,C,0
733,1,male,28.59381359482458,4,2,96.84,C,0
734,3,male,2.95333965640825,0,0,52.55,S,1
735,1,male,25.794269228097356,1,3,112.5,S,0
736,2,male,32.408348783758036,0,1,5.2,S,1
737,3,female,,2,1,35.19,S,0
738,3,male,50.08950070227311,0,1,41.72,S,0
739,3,male,49.17804499455399,0,0,62.98,S,1
740,2,male,,2,0,36.91,S,1
741,3,female,41.815613908967286,2,0,73.96,S,0
742,3,female,13.81363470158455,0,0,47.24,S,0
743,3,male,,0,0,62.72,C,1
744,1,male,18.27697455699684,0,2,23.4,S,1
745,1,female,39.267295509327425,0,0,19.37,C,0
746,2,male,20.356810402330925,0,0,17.05,S,1
747,3,male,,2,0,77.3,S,1
748,3,male,26.54593490570576,0,0,127.91,S,1
749,3,male,,0,0,49.3,S,0
750,3,male,10.631855005975172,0,1,53.47,S,1
751,2,male,,4,2,51.27,C,0
752,3,male,,0,0,12.27,S,1
753,1,male,19.412742571252025,2,0,0.0,C,0
754,3,male,49.7288383884253,4,1,52.09,S,0
755,3,male,13.895398171982855,1,1,52.72,S,1
756,3,male,,2,0,62.3,S,1
757,3,male,29.070295158428035,0,0,44.18,C,1
758,3,male,8.435264855811916,0,0,15.49,S,0
759,3,female,27.586051644116885,2,0,0.0,Q,0
760,3,male,,0,3,88.89,Q,1
761,1,male,,2,2,30.82,C,1
762,2,male,37.24041813958622,0,0,64.7,C,0
763,2,male,23.809965050468747,1,2,16.41,S,0
764,3,male,45.126218503442495,3,1,75.43,C,1
765,3,female,36.936298566116946,0,0,40.7,S,1
766,3,male,47.631657149962436,0,1,94.39,C,0
767,2,male,41.622220544880854,0,1,64.78,C,0
768,2,male,34.62107016970227,0,2,20.64,S,1
769,1,male,55.31458605997342,0,0,53.4,S,1
770,1,female,19.274296565786024,0,0,13.69,S,0
771,3,male,12.726418366055562,0,1,76.19,S,1
772,2,male,49.07473832621238,0,0,27.68,S,0
773,3,female,,0,0,20.05,Q,0
774,3,male,,1,0,48.76,S,1
775,1,female,21.303277676045788,1,3,37.76,C,1
776,2,male,27.32775642483789,0,0,57.43,S,1
777,3,female,48.035636934334015,1,0,47.32,S,0
778,2,female,25.418556121714126,0,0,6.27,Q,0
779,3,male,48.024711049698276,0,0,77.32,S,1
780,2,male,11.603088018601532,0,0,43.44,S,1
781,2,female,0.5,0,0,55.3,S,1
782,3,female,37.137277953284595,1,2,64.01,S,0
783,3,male,,0,0,76.9,S,1
784,3,female,,2,2,81.19,C,0
785,3,male,13.558938359701813,1,0,99.37,S,1
786,3,female,11.32268362407192,0,0,18.67,S,0
787,2,female,22.644860929503203,0,0,23.54,S,0
788,3,male,44.60946806403468,1,1,14.92,S,1
789,3,male,,1,0,23.3,S,0
790,1,female,31.170748571602303,0,1,55.31,S,0
791,3,male,26.535597169386424,0,0,55.27,S,0
792,2,male,,0,0,59.05,C,1
793,2,male,,0,0,32.47,Q,1
794,2,male,33.33615281988883,1,0,36.55,S,0
795,2,male,44.53215426171362,0,0,62.47,C,0
796,2,female,25.225876194150548,1,0,29.89,S,0
797,3,male,43.260242198249834,1,0,44.19,S,0
798,3,male,4.318725769032575,4,0,62.43,S,1
799,3,female,20.494562234606562,1,0,69.09,C,0
800,3,male,,1,0,59.4,S,1
